Workbook

Sheet Сводка
A1: Тест-кейсы: Restful Booker API
A3: Тестируемый сервис | B3: https://restful-booker.herokuapp.com
A4: Документация API | B4: https://restful-booker.herokuapp.com/apidoc/index.html
A5: Инструменты | B5: Postman
A6: Баг-репорт | B6: bug-report.xlsx (ID в колонке «Баг»)
A8: Эндпоинт | B8: Всего | C8: Позитивных | D8: Негативных | E8: Passed | F8: Failed
A9: /ping (GET) | B9: =COUNTIF('Тест-кейсы'!$A$2:$A$86,"TC-PING-*") -> 2 | C9: =COUNTIFS('Тест-кейсы'!$A$2:$A$86,"TC-PING-*",'Тест-кейсы'!$C$2:$C$86,"Позитивный") -> 1 | D9: =COUNTIFS('Тест-кейсы'!$A$2:$A$86,"TC-PING-*",'Тест-кейсы'!$C$2:$C$86,"Негативный") -> 1 | E9: =COUNTIFS('Тест-кейсы'!$A$2:$A$86,"TC-PING-*",'Тест-кейсы'!$J$2:$J$86,"Passed") -> 1 | F9: =COUNTIFS('Тест-кейсы'!$A$2:$A$86,"TC-PING-*",'Тест-кейсы'!$J$2:$J$86,"Failed") -> 1
A10: /auth (POST) | B10: =COUNTIF('Тест-кейсы'!$A$2:$A$86,"TC-AUTH-*") -> 7 | C10: =COUNTIFS('Тест-кейсы'!$A$2:$A$86,"TC-AUTH-*",'Тест-кейсы'!$C$2:$C$86,"Позитивный") -> 1 | D10: =COUNTIFS('Тест-кейсы'!$A$2:$A$86,"TC-AUTH-*",'Тест-кейсы'!$C$2:$C$86,"Негативный") -> 6 | E10: =COUNTIFS('Тест-кейсы'!$A$2:$A$86,"TC-AUTH-*",'Тест-кейсы'!$J$2:$J$86,"Passed") -> 2 | F10: =COUNTIFS('Тест-кейсы'!$A$2:$A$86,"TC-AUTH-*",'Тест-кейсы'!$J$2:$J$86,"Failed") -> 5
A11: /booking (POST) | B11: =COUNTIF('Тест-кейсы'!$A$2:$A$86,"TC-CREATE-*") -> 21 | C11: =COUNTIFS('Тест-кейсы'!$A$2:$A$86,"TC-CREATE-*",'Тест-кейсы'!$C$2:$C$86,"Позитивный") -> 7 | D11: =COUNTIFS('Тест-кейсы'!$A$2:$A$86,"TC-CREATE-*",'Тест-кейсы'!$C$2:$C$86,"Негативный") -> 14 | E11: =COUNTIFS('Тест-кейсы'!$A$2:$A$86,"TC-CREATE-*",'Тест-кейсы'!$J$2:$J$86,"Passed") -> 5 | F11: =COUNTIFS('Тест-кейсы'!$A$2:$A$86,"TC-CREATE-*",'Тест-кейсы'!$J$2:$J$86,"Failed") -> 16
A12: /booking с параметрами (GET) | B12: =COUNTIF('Тест-кейсы'!$A$2:$A$86,"TC-SEARCH-*") -> 15 | C12: =COUNTIFS('Тест-кейсы'!$A$2:$A$86,"TC-SEARCH-*",'Тест-кейсы'!$C$2:$C$86,"Позитивный") -> 11 | D12: =COUNTIFS('Тест-кейсы'!$A$2:$A$86,"TC-SEARCH-*",'Тест-кейсы'!$C$2:$C$86,"Негативный") -> 4 | E12: =COUNTIFS('Тест-кейсы'!$A$2:$A$86,"TC-SEARCH-*",'Тест-кейсы'!$J$2:$J$86,"Passed") -> 9 | F12: =COUNTIFS('Тест-кейсы'!$A$2:$A$86,"TC-SEARCH-*",'Тест-кейсы'!$J$2:$J$86,"Failed") -> 6
A13: /booking/:id (GET) | B13: =COUNTIF('Тест-кейсы'!$A$2:$A$86,"TC-GET-*") -> 8 | C13: =COUNTIFS('Тест-кейсы'!$A$2:$A$86,"TC-GET-*",'Тест-кейсы'!$C$2:$C$86,"Позитивный") -> 4 | D13: =COUNTIFS('Тест-кейсы'!$A$2:$A$86,"TC-GET-*",'Тест-кейсы'!$C$2:$C$86,"Негативный") -> 4 | E13: =COUNTIFS('Тест-кейсы'!$A$2:$A$86,"TC-GET-*",'Тест-кейсы'!$J$2:$J$86,"Passed") -> 5 | F13: =COUNTIFS('Тест-кейсы'!$A$2:$A$86,"TC-GET-*",'Тест-кейсы'!$J$2:$J$86,"Failed") -> 3
A14: /booking/:id (PUT) | B14: =COUNTIF('Тест-кейсы'!$A$2:$A$86,"TC-PUT-*") -> 13 | C14: =COUNTIFS('Тест-кейсы'!$A$2:$A$86,"TC-PUT-*",'Тест-кейсы'!$C$2:$C$86,"Позитивный") -> 3 | D14: =COUNTIFS('Тест-кейсы'!$A$2:$A$86,"TC-PUT-*",'Тест-кейсы'!$C$2:$C$86,"Негативный") -> 10 | E14: =COUNTIFS('Тест-кейсы'!$A$2:$A$86,"TC-PUT-*",'Тест-кейсы'!$J$2:$J$86,"Passed") -> 7 | F14: =COUNTIFS('Тест-кейсы'!$A$2:$A$86,"TC-PUT-*",'Тест-кейсы'!$J$2:$J$86,"Failed") -> 6
A15: /booking/:id (PATCH) | B15: =COUNTIF('Тест-кейсы'!$A$2:$A$86,"TC-PATCH-*") -> 13 | C15: =COUNTIFS('Тест-кейсы'!$A$2:$A$86,"TC-PATCH-*",'Тест-кейсы'!$C$2:$C$86,"Позитивный") -> 4 | D15: =COUNTIFS('Тест-кейсы'!$A$2:$A$86,"TC-PATCH-*",'Тест-кейсы'!$C$2:$C$86,"Негативный") -> 9 | E15: =COUNTIFS('Тест-кейсы'!$A$2:$A$86,"TC-PATCH-*",'Тест-кейсы'!$J$2:$J$86,"Passed") -> 6 | F15: =COUNTIFS('Тест-кейсы'!$A$2:$A$86,"TC-PATCH-*",'Тест-кейсы'!$J$2:$J$86,"Failed") -> 7
A16: /booking/:id (DELETE) | B16: =COUNTIF('Тест-кейсы'!$A$2:$A$86,"TC-DEL-*") -> 6 | C16: =COUNTIFS('Тест-кейсы'!$A$2:$A$86,"TC-DEL-*",'Тест-кейсы'!$C$2:$C$86,"Позитивный") -> 2 | D16: =COUNTIFS('Тест-кейсы'!$A$2:$A$86,"TC-DEL-*",'Тест-кейсы'!$C$2:$C$86,"Негативный") -> 4 | E16: =COUNTIFS('Тест-кейсы'!$A$2:$A$86,"TC-DEL-*",'Тест-кейсы'!$J$2:$J$86,"Passed") -> 2 | F16: =COUNTIFS('Тест-кейсы'!$A$2:$A$86,"TC-DEL-*",'Тест-кейсы'!$J$2:$J$86,"Failed") -> 4
A17: Итого | B17: =SUM(B9:B16) -> 85 | C17: =SUM(C9:C16) -> 33 | D17: =SUM(D9:D16) -> 52 | E17: =SUM(E9:E16) -> 37 | F17: =SUM(F9:F16) -> 48
A19: Как читать
A20: Ожидаемый результат — корректное поведение по документации API и семантике HTTP.
A21: Failed — фактическое поведение расходится с ожидаемым; номер бага — в колонке «Баг».
A22: Позитивные кейсы с валидными данными тоже могут быть Failed, если сервис отвечает некорректно.

Sheet Тест-кейсы
A1: ID | B1: Эндпоинт | C1: Тип | D1: Название | E1: Предусловия | F1: Шаги | G1: Тестовые данные | H1: Ожидаемый результат | I1: Фактический результат | J1: Статус | K1: Баг
A2: TC-PING-01 | B2: GET /ping | C2: Позитивный | D2: Проверка доступности сервиса (health check) | E2: — | F2: 1. Отправить GET /ping | G2: — | H2: Код ответа 200 OK. Время ответа < 2 с | I2: Код ответа 201 Created, тело «Created». Время ответа ≈ 0,7 с | J2: Failed | K2: BUG-19
A3: TC-PING-02 | B3: POST /ping | C3: Негативный | D3: Запрос к /ping неподдерживаемым методом POST | E3: — | F3: 1. Отправить POST /ping | G3: — | H3: Код ответа 404 Not Found или 405 Method Not Allowed | I3: 404 Not Found | J3: Passed | K3: —
A4: TC-AUTH-01 | B4: POST /auth | C4: Позитивный | D4: Получение токена с валидными учётными данными | E4: — | F4: 1. Отправить POST /auth Заголовки: Content-Type: application/json Тело — из «Тестовых данных» | G4: {"username": "admin", "password": "password123"} | H4: 200 OK; Content-Type: application/json; в теле поле token — непустая строка | I4: 200 OK; {"token": "<15 символов>"} | J4: Passed | K4: —
A5: TC-AUTH-02 | B5: POST /auth | C5: Негативный | D5: Неверный пароль | E5: — | F5: 1. Отправить POST /auth Заголовки: Content-Type: application/json Тело — из «Тестовых данных» | G5: {"username": "admin", "password": "wrong"} | H5: 401 Unauthorized; токен не выдаётся | I5: 200 OK; {"reason": "Bad credentials"} | J5: Failed | K5: BUG-12
A6: TC-AUTH-03 | B6: POST /auth | C6: Негативный | D6: Несуществующий пользователь | E6: — | F6: 1. Отправить POST /auth Заголовки: Content-Type: application/json Тело — из «Тестовых данных» | G6: {"username": "nouser", "password": "password123"} | H6: 401 Unauthorized; токен не выдаётся | I6: 200 OK; {"reason": "Bad credentials"} | J6: Failed | K6: BUG-12
A7: TC-AUTH-04 | B7: POST /auth | C7: Негативный | D7: Пустое тело запроса | E7: — | F7: 1. Отправить POST /auth Заголовки: Content-Type: application/json Тело — из «Тестовых данных» | G7: {} | H7: 400 Bad Request; токен не выдаётся | I7: 200 OK; {"reason": "Bad credentials"} | J7: Failed | K7: BUG-13
A8: TC-AUTH-05 | B8: POST /auth | C8: Негативный | D8: Отсутствует поле password | E8: — | F8: 1. Отправить POST /auth Заголовки: Content-Type: application/json Тело — из «Тестовых данных» | G8: {"username": "admin"} | H8: 400 Bad Request; токен не выдаётся | I8: 200 OK; {"reason": "Bad credentials"} | J8: Failed | K8: BUG-13
A9: TC-AUTH-06 | B9: POST /auth | C9: Негативный | D9: Пустые строки в username и password | E9: — | F9: 1. Отправить POST /auth Заголовки: Content-Type: application/json Тело — из «Тестовых данных» | G9: {"username": "", "password": ""} | H9: 400 Bad Request; токен не выдаётся | I9: 200 OK; {"reason": "Bad credentials"} | J9: Failed | K9: BUG-13
A10: TC-AUTH-07 | B10: POST /auth | C10: Негативный | D10: Невалидный JSON в теле запроса | E10: — | F10: 1. Отправить POST /auth Заголовки: Content-Type: application/json Тело — из «Тестовых данных» | G10: {"username": "admin", | H10: 400 Bad Request | I10: 400 Bad Request | J10: Passed | K10: —
A11: TC-CREATE-01 | B11: POST /booking | C11: Позитивный | D11: Создание брони со всеми полями | E11: — | F11: 1. Отправить POST /booking Заголовки: Content-Type: application/json, Accept: application/json Тело — из «Тестовых данных» 2. Отправить GET /booking/{bookingid} из ответа | G11: {"firstname": "Ivan", "lastname": "Petrov", "totalprice": 150, "depositpaid": true, "bookingdates": {"checkin": "2031-03-10", "checkout": "2031-03-15"}, "additionalneeds": "Breakfast"} | H11: 200 OK; Content-Type: application/json; в ответе bookingid (число) и booking, совпадающий с отправленными данными; GET /booking/{bookingid} возвращает те же данные | I11: 200 OK; данные в ответе и в GET совпадают с отправленными | J11: Passed | K11: —
A12: TC-CREATE-02 | B12: POST /booking | C12: Позитивный | D12: Создание брони без необязательного поля additionalneeds | E12: — | F12: 1. Отправить POST /booking Заголовки: Content-Type: application/json, Accept: application/json Тело — из «Тестовых данных» 2. Отправить GET /booking/{bookingid} из ответа | G12: {"firstname": "Ivan", "lastname": "Petrov", "totalprice": 150, "depositpaid": true, "bookingdates": {"checkin": "2031-03-10", "checkout": "2031-03-15"}} | H12: 200 OK; бронь создана без additionalneeds, остальные поля совпадают с отправленными | I12: 200 OK; как ожидалось | J12: Passed | K12: —
... A86: TC-DEL-06 | B86: DELETE /booking/:id | C86: Негативный | D86: Повторное удаление уже удалённой брони | E86: Получен токен: POST /auth с admin / password123 Бронь создана и удалена (DELETE /booking/{id}) | F86: 1. Повторно отправить DELETE /booking/{id} Заголовки: Cookie: token={token} | G86: id удалённой брони | H86: 404 Not Found | I86: 405 Method Not Allowed | J86: Failed | K86: BUG-17
